{"step":50000,"_timestamp":1.7640107906867106e+09,"_step":505,"train/loss":0.002518649213016033,"val/fid":207.4140680959307,"val/fid_final":208.00372172448456,"_wandb":{"runtime":3218},"_runtime":3218}