{"_runtime":1980,"_timestamp":1.763564037547842e+09,"_step":100,"train/loss":0.026976969093084335,"step":10000,"val/fid_final":193.07597997603216,"_wandb":{"runtime":1980}}