{"_runtime":39,"train/loss":0.1940007209777832,"step":100,"_timestamp":1.763398189978541e+09,"_step":0,"_wandb":{"runtime":39}}