{"step":10000,"val/fid_final":200.93908248277538,"_wandb":{"runtime":531},"_runtime":531,"_timestamp":1.7638216085767705e+09,"_step":100,"train/loss":0.02697695791721344}