{"train/loss":0.06448239088058472,"step":10000,"_timestamp":1.7633928858365564e+09,"_step":100,"val/fid_final":194.2269115729042,"_wandb":{"runtime":3568},"_runtime":3568}