{"train/loss":0.0644824206829071,"val/fid_final":193.6011111677472,"_wandb":{"runtime":520},"_runtime":520,"step":10000,"_timestamp":1.7638236833793552e+09,"_step":100}