{"val/fid_final":193.07597997603216,"_runtime":2050,"_wandb":{"runtime":2050},"_step":100,"train/loss":0.026976969093084335,"step":10000,"_timestamp":1.7634049854104881e+09}