{"train/loss":0.0644824206829071,"step":10000,"_timestamp":1.7638242293966029e+09,"_step":100,"val/fid_final":193.48741365536955,"_runtime":527,"_wandb":{"runtime":527}}