{"step":10000,"_timestamp":1.7639083732217743e+09,"val/fid_final":189.42518138717872,"_wandb":{"runtime":670},"_runtime":670,"_step":100,"train/loss":0.07204866409301758}