{"train/loss":0.02697695791721344,"step":10000,"_timestamp":1.763822209241211e+09,"val/fid_final":196.32144581072905,"_wandb":{"runtime":583},"_runtime":583,"_step":100}