{"step":10000,"_timestamp":1.7639161049961405e+09,"val/fid_final":194.9572416126739,"_wandb":{"runtime":679},"_runtime":679,"_step":100,"train/loss":0.02697695791721344}