{"train/loss": 0.22811026871204376, "step": 100, "_timestamp": 1764004909.9189327, "_runtime": 42.854623794555664, "_step": 0, "_wandb": {"runtime": 56}}