nfe,fid
10.000000,195.725134
20.000000,203.987357
50.000000,203.081029
