nfe,fid
10.000000,207.195967
20.000000,201.266594
50.000000,198.979147
