{"_runtime":577,"train/loss":0.0644824206829071,"step":10000,"_timestamp":1.7638248250607686e+09,"_step":100,"val/fid_final":193.65363670913615,"_wandb":{"runtime":577}}