nfe,fid,label
50,193.17871890712155,Test-E1-linear-10k
50,194.2269115729042,E2-cosine-10k
50,194.12664729058116,E6-cosine-ddim-10k
50,194.9572416126739,E6-linear-ddim-10k
