nfe,fid,label
10,193.07597997603227,E3a-linear-10k-nfe10
20,193.07597997603216,E3b-linear-10k-nfe20
50,193.07597997603216,E3c-linear-10k-nfe50
