{"_wandb":{"runtime":690},"_runtime":690,"_step":100,"train/loss":0.0644824206829071,"step":10000,"_timestamp":1.7639154071247416e+09,"val/fid_final":194.12664729058116}