{"_runtime":1964,"_step":100,"train/loss":0.026976969093084335,"step":10000,"_timestamp":1.7634025383027945e+09,"val/fid_final":193.07597997603227,"_wandb":{"runtime":1964}}